tema,artista,categoria
(I Can't Get No) Satisfaction,The Rolling Stones,Internacional (rock / pop / funk / soul)
Algún lugar te encontraré,Adrian´s band,Internacional (rock / pop / funk / soul)
Amiga mía,Los Prisioneros,Latino y pop en español
Amor dondequiera que estés,Barrio Boyzz & Selena,Latino y pop en español
Ángel para tu soledad,Patricio Rey y sus Redonditos de Ricota,Rock nacional argentino / rioplatense
Back in the U.S.S.R.,The Beatles,Internacional (rock / pop / funk / soul)
Before You Accuse Me,Eric Clapton,Internacional (rock / pop / funk / soul)
Brown Sugar,The Rolling Stones,Internacional (rock / pop / funk / soul)
Cadáver exquisito,Fito Páez,Rock nacional argentino / rioplatense
Cae el sol,Soda Stereo,Rock nacional argentino / rioplatense
Canción de despedida,Enrique Y Ana,Internacional (rock / pop / funk / soul)
Canto da Cidade,Banda Mar Azul,Internacional (rock / pop / funk / soul)
Celebration,Kool & The Gang,Internacional (rock / pop / funk / soul)
Circo Beat,Fito Páez,Rock nacional argentino / rioplatense
Clandestino,Toto Cutugno,Internacional (rock / pop / funk / soul)
Cómo te lo digo,Bronco,Internacional (rock / pop / funk / soul)
Corazón partío,Alejandro Sanz,Latino y pop en español
Cuando amas a alguien,"César ""Banana"" Pueyrredón",Latino y pop en español
D'yer Mak'er,Led Zeppelin,Internacional (rock / pop / funk / soul)
Da Ya Think I'm Sexy?,Rod Stewart,Internacional (rock / pop / funk / soul)
Dancing Queen,ABBA,Internacional (rock / pop / funk / soul)
Dancing with Myself,blink-182,Internacional (rock / pop / funk / soul)
Don't Cry,Guns N' Roses,Internacional (rock / pop / funk / soul)
Dos días en la vida,Fito Páez,Rock nacional argentino / rioplatense
El fantasma de Canterville,Porsuigieco,Internacional (rock / pop / funk / soul)
Ella usó mi cabeza como un revólver,Soda Stereo,Rock nacional argentino / rioplatense
En la ciudad de la furia,Soda Stereo,Rock nacional argentino / rioplatense
Eres para mí,Julieta Venegas & Ana Tijoux,Latino y pop en español
Gimme Some Lovin',The Spencer Davis Group,Internacional (rock / pop / funk / soul)
Gypsy Woman,Brian Hyland,Internacional (rock / pop / funk / soul)
Handle with Care,William Topley,Internacional (rock / pop / funk / soul)
Hasta que vuelvas,Luis Miguel,Latino y pop en español
Heroes,Peter Gabriel,Internacional (rock / pop / funk / soul)
I Still Haven't Found What I'm Looking For,U2,Internacional (rock / pop / funk / soul)
I'm Like a Bird,Nelly Furtado,Internacional (rock / pop / funk / soul)
If I Ain't Got You,Alicia Keys,Internacional (rock / pop / funk / soul)
If It Makes You Happy,Sheryl Crow,Internacional (rock / pop / funk / soul)
Iluminada y eterna,Flor Salvaje G,Internacional (rock / pop / funk / soul)
Inocente,Los Gigantes del Vallenato,"Cumbia, tropical y cuarteto"
It Must Have Been Love,Roxette,Internacional (rock / pop / funk / soul)
Johnny B. Goode,Chuck Berry,Internacional (rock / pop / funk / soul)
Jumpin' Jack Flash,The Rolling Stones,Internacional (rock / pop / funk / soul)
Just the Two of Us,"Bill Withers & Grover Washington, Jr.",Internacional (rock / pop / funk / soul)
La rueda mágica,Fito Páez,Rock nacional argentino / rioplatense
Laura no está,Los Abelardos,Latino y pop en español
Like a Stone,Audioslave,Internacional (rock / pop / funk / soul)
Llámame más temprano,MANO ARRIBA,Latino y pop en español
Lose Control,Silk,Internacional (rock / pop / funk / soul)
Mal Bicho,Los Fabulosos Cadillacs,Rock nacional argentino / rioplatense
Mariposa tecknicolor,Fito Páez,Rock nacional argentino / rioplatense
Mary Jane's Last Dance,Tom Petty & The Heartbreakers,Internacional (rock / pop / funk / soul)
Material Girl,Madonna,Internacional (rock / pop / funk / soul)
Me vas a extrañar,Grupo Bryndis,Internacional (rock / pop / funk / soul)
Mi voiture,Riff,Latino y pop en español
No me arrepiento de este amor,Gilda,"Cumbia, tropical y cuarteto"
No Rain,Blind Melon,Internacional (rock / pop / funk / soul)
No Woman,Blaine Larsen,Internacional (rock / pop / funk / soul)
Nothing Compares 2 U,Prince,Internacional (rock / pop / funk / soul)
Nothing Else Matters,Metallica,Internacional (rock / pop / funk / soul)
Nothing's Gonna Stop Us Now,Chicago,Internacional (rock / pop / funk / soul)
Nunca me faltes,Los Davalos,Latino y pop en español
Pasos al costado,Turf,Rock nacional argentino / rioplatense
Pibe cantina,Yerba Brava,"Cumbia, tropical y cuarteto"
Pick Up the Pieces,Jean Knight,Internacional (rock / pop / funk / soul)
Piece of My Heart,Janis Joplin,Internacional (rock / pop / funk / soul)
Polaroid de locura ordinaria,Fito Páez,Rock nacional argentino / rioplatense
Raquel,La Misma Gente,"Cumbia, tropical y cuarteto"
Redemption Song,Macy Gray,Internacional (rock / pop / funk / soul)
Right Here Waiting,Richard Marx,Internacional (rock / pop / funk / soul)
Rock del pedazo,Ratones Paranoicos,Rock nacional argentino / rioplatense
Roxanne,The Police,Internacional (rock / pop / funk / soul)
Rutas argentinas,Almendra,Internacional (rock / pop / funk / soul)
Santeria,Sublime,Internacional (rock / pop / funk / soul)
Still the One,Orleans,Internacional (rock / pop / funk / soul)
Sweet Child o' Mine,Guns N' Roses,Internacional (rock / pop / funk / soul)
The Show Must Go On,Pink Floyd,Internacional (rock / pop / funk / soul)
Time,Pink Floyd,Internacional (rock / pop / funk / soul)
Todo a pulmón,Alejandro Lerner,Internacional (rock / pop / funk / soul)
Tomo para no enamorarme,Lora,Internacional (rock / pop / funk / soul)
Tratar de estar mejor,Diego Torres,Rock nacional argentino / rioplatense
Travelin' Band,Creedence Clearwater Revival,Internacional (rock / pop / funk / soul)
Un pacto para vivir,La Liga,Latino y pop en español
Una calle nos separa,Leo Dan,Latino y pop en español
Vasos vacíos,Los Fabulosos Cadillacs,Rock nacional argentino / rioplatense
What's Going On,Marvin Gaye,Internacional (rock / pop / funk / soul)
Where the Streets Have No Name,U2,Internacional (rock / pop / funk / soul)
With or Without You,U2,Internacional (rock / pop / funk / soul)
Wonderful Tonight,Eric Clapton,Internacional (rock / pop / funk / soul)
Yellow,Coldplay,Internacional (rock / pop / funk / soul)
Yo no soy tu prisionero,La Rutera,"Cumbia, tropical y cuarteto"
You Sexy Thing,Hot Chocolate,Internacional (rock / pop / funk / soul)
You Shook Me All Night Long,AC/DC,Internacional (rock / pop / funk / soul)
