tema,artista,album,albumId,cover
Take On Me,a-ha,Hunting High and Low,380907762,https://is1-ssl.mzstatic.com/image/thumb/Music/c6/e1/c8/mzi.ixgzfcmc.jpg/300x300bb.jpg
Highway to Hell,AC/DC,Highway to Hell,574043989,https://is1-ssl.mzstatic.com/image/thumb/Music126/v4/b9/c8/ef/b9c8ef42-bbc9-64df-11f8-717571f6730f/886443673458.jpg/300x300bb.jpg
All That She Wants (2015 Remastered Version),Ace of Base,The Sign,959563976,https://is1-ssl.mzstatic.com/image/thumb/Music126/v4/42/59/8b/42598b61-bd54-aaa3-5280-d711569800b6/cover.jpg/300x300bb.jpg
Rolling in the Deep,Adele,21,1544491232,https://is1-ssl.mzstatic.com/image/thumb/Music221/v4/eb/ca/25/ebca2596-cd1e-b295-91a3-771c868d0a79/191404113868.png/300x300bb.jpg
Crazy,Aerosmith,Big Ones,1440913261,https://is1-ssl.mzstatic.com/image/thumb/Music115/v4/2d/08/bf/2d08bf29-d87e-8ce9-3a48-2985787f8a7c/00720642471623.rgb.jpg/300x300bb.jpg
Cryin',Aerosmith,Rock de Alto Impacto,6802456215,https://is1-ssl.mzstatic.com/image/thumb/Music211/v4/c9/b9/10/c9b91021-1aad-7260-18cc-1d2d5d3d4529/26UM1IM06624.rgb.jpg/300x300bb.jpg
I Don't Want to Miss a Thing,Aerosmith,Armageddon - The Album,217271260,https://is1-ssl.mzstatic.com/image/thumb/Music115/v4/0a/f1/af/0af1af45-7deb-3252-15e2-c1394b574d64/mzi.lfxshysm.jpg/300x300bb.jpg
Jaded,Aerosmith,Just Push Play,1658654996,https://is1-ssl.mzstatic.com/image/thumb/Music122/v4/7b/ab/2c/7bab2c4b-d944-ad5a-fc69-86ee7abadc08/22UM1IM35707.rgb.jpg/300x300bb.jpg
Let's Stay Together,Al Green,Let's Stay Together - Single,1606271325,https://is1-ssl.mzstatic.com/image/thumb/Music126/v4/a7/2a/47/a72a47b7-12dc-64a3-06d7-b2fc0303f465/196626250131.jpg/300x300bb.jpg
Ironic,Alanis Morissette,Pop Rock 90s,1463367474,https://is1-ssl.mzstatic.com/image/thumb/Music123/v4/cb/25/29/cb25292a-f87e-f32c-c78b-bdb7c31dab13/842474126066.jpg/300x300bb.jpg
Black Velvet,Alannah Myles,Alannah Myles,1837530989,https://is1-ssl.mzstatic.com/image/thumb/Music211/v4/af/ac/b1/afacb116-c6e9-ae05-a3e5-efdd6ded7094/199538722796.jpg/300x300bb.jpg
A quién le importa,Alaska y Dinarama,Las 100 Mejores Canciones de los 80,857799538,https://is1-ssl.mzstatic.com/image/thumb/Music/v4/64/73/73/64737351-64c1-6a06-d22d-c38ac2dc63f9/825646288205.jpg/300x300bb.jpg
Violeta,Alcides,Majestuoso Vol.2 los Reyes del Baile,1617012564,https://is1-ssl.mzstatic.com/image/thumb/Music211/v4/6f/c0/f0/6fc0f0d9-fe17-8aa0-0283-dda48ebdd521/0605457215924.png/300x300bb.jpg
Juntos para siempre,Alejandro Lerner,Entrelineas,407739678,https://is1-ssl.mzstatic.com/image/thumb/Music/10/9c/3a/mzi.zdwersvi.jpg/300x300bb.jpg
Me haces tanto bien,Amistades Peligrosas,Original Masters: Amistades Peligrosas,691402289,https://is1-ssl.mzstatic.com/image/thumb/Music211/v4/6b/78/bd/6b78bd34-9e1a-5d05-7e0b-717f8a750f27/724356391857.jpg/300x300bb.jpg
You Know I'm No Good,Amy Winehouse,Back To Black,1422677780,https://is1-ssl.mzstatic.com/image/thumb/Music112/v4/5a/72/3f/5a723fec-965d-3483-89f8-d66b79f88419/15UMGIM24224.rgb.jpg/300x300bb.jpg
Alta suciedad,Andrés Calamaro,Alta Suciedad,101375497,https://is1-ssl.mzstatic.com/image/thumb/Music115/v4/cd/52/6d/cd526dc6-daaa-e990-7019-47c828efdd1b/mzi.xpwcramk.jpg/300x300bb.jpg
Costumbres argentinas,Andrés Calamaro,Costumbres Argentinas - Single,1680955275,https://is1-ssl.mzstatic.com/image/thumb/Music126/v4/21/ef/2e/21ef2e2e-dd23-6487-03fb-fa5dcfe5c637/197188538170.jpg/300x300bb.jpg
El Salmón,Andrés Calamaro,Andrés: Obras Incompletas,316153720,https://is1-ssl.mzstatic.com/image/thumb/Music/59/60/99/mzi.cfwjatrm.jpg/300x300bb.jpg
Flaca,Andrés Calamaro,Alta Suciedad,101375497,https://is1-ssl.mzstatic.com/image/thumb/Music115/v4/cd/52/6d/cd526dc6-daaa-e990-7019-47c828efdd1b/mzi.xpwcramk.jpg/300x300bb.jpg
Loco,Andrés Calamaro,Alta Suciedad,101375497,https://is1-ssl.mzstatic.com/image/thumb/Music115/v4/cd/52/6d/cd526dc6-daaa-e990-7019-47c828efdd1b/mzi.xpwcramk.jpg/300x300bb.jpg
Te quiero igual,Andrés Calamaro,Versión Original,1649237821,https://is1-ssl.mzstatic.com/image/thumb/Music112/v4/20/75/0c/20750c91-1e32-e96b-358d-9ea329ef3cb0/5054197394386.jpg/300x300bb.jpg
Respect,Aretha Franklin,I Never Loved a Man the Way I Love You,937107826,https://is1-ssl.mzstatic.com/image/thumb/Music124/v4/d1/31/ee/d131eec4-614c-d661-b580-3dc32b8547e8/603497896622.jpg/300x300bb.jpg
Hacelo por mí,Attaque 77,El Cielo Puede Esperar,1613773510,https://is1-ssl.mzstatic.com/image/thumb/Music116/v4/2f/b7/3e/2fb73e50-8037-6946-9738-8a4cb27d555c/7796876508032.jpg/300x300bb.jpg
Wake Me Up,Avicii,True,1440872730,https://is1-ssl.mzstatic.com/image/thumb/Music211/v4/18/5b/1e/185b1ef5-5d97-19d8-aebf-8e29e41874ef/13UAAIM59255.rgb.jpg/300x300bb.jpg
I Want It That Way,Backstreet Boys,Millennium,283567119,https://is1-ssl.mzstatic.com/image/thumb/Music115/v4/5f/6b/e9/5f6be919-1b9e-30ef-45b7-cc27fc428fd5/012414167224.jpg/300x300bb.jpg
Tarzan Boy,Baltimora,Living In the Background,713600677,https://is1-ssl.mzstatic.com/image/thumb/Music/v4/56/60/8e/56608e39-c720-4343-6ac2-5b2062075f5d/00094634036252.jpg/300x300bb.jpg
How Deep Is Your Love,Bee Gees,Greatest,1445664302,https://is1-ssl.mzstatic.com/image/thumb/Music123/v4/b4/00/8f/b4008f7c-72b9-d856-60fa-2ac5cfce2d18/16UMGIM86640.rgb.jpg/300x300bb.jpg
More Than a Woman,Bee Gees,Saturday Night Fever (The Original Movie Soundtrack),1442259177,https://is1-ssl.mzstatic.com/image/thumb/Music113/v4/45/db/1d/45db1dac-fe00-3681-b216-266deea6e4cc/17UM1IM26789.rgb.jpg/300x300bb.jpg
Stayin' Alive,Bee Gees,The Ultimate Bee Gees,1445668810,https://is1-ssl.mzstatic.com/image/thumb/Music123/v4/94/a7/5f/94a75fd1-17da-3a38-42dc-c5e35bf56046/16UMGIM86639.rgb.jpg/300x300bb.jpg
Crazy in Love,Beyoncé,Party On!,262218429,https://is1-ssl.mzstatic.com/image/thumb/Music118/v4/17/5d/37/175d3726-19c6-7d9a-2977-facb590b3656/888880063199.jpg/300x300bb.jpg
(I've Had) The Time of My Life,Bill Medley & Jennifer Warnes,Dirty Dancing (Original Motion Picture Soundtrack),254938499,https://is1-ssl.mzstatic.com/image/thumb/Music125/v4/8c/f2/1f/8cf21f62-eed1-64c0-e710-df52dc3556c3/078635640823.jpg/300x300bb.jpg
Ain't No Sunshine,Bill Withers,Sad Bops,1616315672,https://is1-ssl.mzstatic.com/image/thumb/Music112/v4/3a/b6/50/3ab650c8-ff6f-af96-dc07-b24e5812366d/196589038913.jpg/300x300bb.jpg
All the Small Things,blink-182,Enema of the State,1444118632,https://is1-ssl.mzstatic.com/image/thumb/Music126/v4/d0/54/b8/d054b82b-981e-6834-6d47-09d00faad533/16UMGIM35659.rgb.jpg/300x300bb.jpg
Song 2,Blur,Birra Al Pub,1764544391,https://is1-ssl.mzstatic.com/image/thumb/Music211/v4/19/c2/31/19c2313f-9f18-a923-e10f-150c73f4f3ef/5059460328020.jpg/300x300bb.jpg
Could You Be Loved,Bob Marley,Gold: Bob Marley and the Wailers,1446928765,https://is1-ssl.mzstatic.com/image/thumb/Music211/v4/dd/47/b0/dd47b039-fc98-0e0b-bbfd-4071807372d9/06UMGIM11770.rgb.jpg/300x300bb.jpg
I Shot the Sheriff,Bob Marley,Reggae Parchado Para Relajarse,1801267511,https://is1-ssl.mzstatic.com/image/thumb/Music211/v4/a0/8c/97/a08c9773-ee7f-5d27-af0a-a75aae58ee3c/25UMGIM43534.rgb.jpg/300x300bb.jpg
Wanted Dead or Alive,Bon Jovi,Slippery When Wet,1422954626,https://is1-ssl.mzstatic.com/image/thumb/Music112/v4/40/16/3e/40163e24-6985-b785-d4ea-cbae07d74812/06UMGIM05422.rgb.jpg/300x300bb.jpg
You Give Love a Bad Name,Bon Jovi,Slippery When Wet,1422954626,https://is1-ssl.mzstatic.com/image/thumb/Music112/v4/40/16/3e/40163e24-6985-b785-d4ea-cbae07d74812/06UMGIM05422.rgb.jpg/300x300bb.jpg
...Baby One More Time,Britney Spears,...Baby One More Time,268284599,https://is1-ssl.mzstatic.com/image/thumb/Music221/v4/a3/78/83/a3788355-9932-b0b0-8314-f0717a13b8a6/888880333476.jpg/300x300bb.jpg
Toxic,Britney Spears,USA Anthems,1744617809,https://is1-ssl.mzstatic.com/image/thumb/Music221/v4/18/1d/66/181d6698-e946-b498-326c-be39e68140c3/196872078329.jpg/300x300bb.jpg
Locked Out of Heaven,Bruno Mars,Unorthodox Jukebox,573962245,https://is1-ssl.mzstatic.com/image/thumb/Music115/v4/e0/a4/7c/e0a47c6f-005a-9f9f-ce29-8e858e2bcfcb/075679957283.jpg/300x300bb.jpg
Treasure,Bruno Mars,Play Date - Confidence Boost,1578960927,https://is1-ssl.mzstatic.com/image/thumb/Music115/v4/36/9b/b0/369bb07c-fd9d-3329-4289-e5f02a761072/5059460089341.jpg/300x300bb.jpg
(Everything I Do) I Do It for You,Bryan Adams,Waking Up the Neighbours,1440756670,https://is1-ssl.mzstatic.com/image/thumb/Music112/v4/b0/f7/5d/b0f75dab-7e01-d4c6-61c3-e6253a2cae22/06UMGIM18645.rgb.jpg/300x300bb.jpg
Heaven,Bryan Adams,80's Rock Power Ballads,1615677206,https://is1-ssl.mzstatic.com/image/thumb/Music126/v4/17/89/a7/1789a75d-28ce-0485-49c9-0a273776c745/22UMGIM30965.rgb.jpg/300x300bb.jpg
Summer of '69,Bryan Adams,Reckless,1676125918,https://is1-ssl.mzstatic.com/image/thumb/Music126/v4/67/10/6b/67106b63-8edc-ef66-78f2-ad85b275074f/06UMGIM28735.rgb.jpg/300x300bb.jpg
El cuarto de Tula,Buena Vista Social Club,Buena Vista Social Club,1716598034,https://is1-ssl.mzstatic.com/image/thumb/Music116/v4/5a/93/8b/5a938b3e-a74d-9c8b-dcf1-c9c1f83498da/4050538455618.jpg/300x300bb.jpg
Lágrimas negras,Buena Vista Social Club,Buena Vista Social Club (Original Broadway Cast Recording),1817170655,https://is1-ssl.mzstatic.com/image/thumb/Music211/v4/85/d8/e8/85d8e8ab-d511-542c-e2dd-8c447c52aa81/4099964182866.jpg/300x300bb.jpg
Por una cabeza,Carlos Gardel,Lo Mejor de Carlos Gardel,435221771,https://is1-ssl.mzstatic.com/image/thumb/Music/a4/c4/3b/mzi.wwqfuldm.jpg/300x300bb.jpg
Magia veneno,Catupecu Machu,El Número Imperfecto,722225843,https://is1-ssl.mzstatic.com/image/thumb/Music124/v4/a9/09/75/a9097569-081b-2584-930a-59d7c1b95ac8/00724387593350.jpg/300x300bb.jpg
Buscando un símbolo de paz,Charly García,Parte de la Religión,321799872,https://is1-ssl.mzstatic.com/image/thumb/Music115/v4/c8/50/23/c85023c0-d7e7-7462-2574-a7efe528f7da/mzi.uuvufkwr.jpg/300x300bb.jpg
Cerca de la revolución,Charly García,Piano Bar,1421884385,https://is1-ssl.mzstatic.com/image/thumb/Music124/v4/17/47/db/1747dbb2-b278-3a40-893f-64e38b48b1cc/00602567965305.rgb.jpg/300x300bb.jpg
Demoliendo hoteles,Charly García,Rock en Español 80's 90's y más,1614747081,https://is1-ssl.mzstatic.com/image/thumb/Music116/v4/33/87/42/338742de-3d42-14d2-7774-5188faffe56e/22UMGIM01720.rgb.jpg/300x300bb.jpg
Fanky,Charly García,Como Conseguir Chicas,321702877,https://is1-ssl.mzstatic.com/image/thumb/Music/c0/f0/a4/mzi.lfapujua.jpg/300x300bb.jpg
Hablando a tu corazón,Charly García,García 87/93,321532081,https://is1-ssl.mzstatic.com/image/thumb/Music/e8/e9/a1/mzi.jwwofyey.jpg/300x300bb.jpg
Los dinosaurios,Charly García,El Álbum,1443717181,https://is1-ssl.mzstatic.com/image/thumb/Music118/v4/44/c8/7a/44c87a85-89e7-337d-3b45-50a7cf62fe45/00731452253026.rgb.jpg/300x300bb.jpg
No soy un extraño,Charly García,Clics Modernos,1443921010,https://is1-ssl.mzstatic.com/image/thumb/Music115/v4/08/20/1e/08201e46-ec97-0f6a-1682-11d71a87bfab/00602498002155.rgb.jpg/300x300bb.jpg
No voy en tren,Charly García,Parte de la Religión,321799872,https://is1-ssl.mzstatic.com/image/thumb/Music115/v4/c8/50/23/c85023c0-d7e7-7462-2574-a7efe528f7da/mzi.uuvufkwr.jpg/300x300bb.jpg
Nos siguen pegando abajo,Charly García,Cuarenta Obras Fundamentales (Volumen 2),1504939801,https://is1-ssl.mzstatic.com/image/thumb/Music113/v4/c3/22/53/c3225393-17ed-b085-ba5b-1f932ad967de/09UMGIM41962.rgb.jpg/300x300bb.jpg
Promesas sobre el bidet,Charly García,Piano Bar,1421884385,https://is1-ssl.mzstatic.com/image/thumb/Music124/v4/17/47/db/1747dbb2-b278-3a40-893f-64e38b48b1cc/00602567965305.rgb.jpg/300x300bb.jpg
Rezo por vos,Charly García,Parte de la Religión,321799872,https://is1-ssl.mzstatic.com/image/thumb/Music115/v4/c8/50/23/c85023c0-d7e7-7462-2574-a7efe528f7da/mzi.uuvufkwr.jpg/300x300bb.jpg
Provócame,Chayanne,Provócame,155654139,https://is1-ssl.mzstatic.com/image/thumb/Music124/v4/72/df/7a/72df7a18-1333-dcd2-87f1-c15141e35245/mzi.fkfcguxj.jpg/300x300bb.jpg
Le Freak,Chic,C'est Chic,734291580,https://is1-ssl.mzstatic.com/image/thumb/Music/v4/e3/26/c7/e326c72a-c6e0-1887-92a4-e4bb4f04edcd/075678155222.jpg/300x300bb.jpg
Fix You,Coldplay,Para Sanar el Corazón,1804093571,https://is1-ssl.mzstatic.com/image/thumb/Music221/v4/f5/d7/cb/f5d7cbf1-499f-90f7-84ce-2865bb7273ab/5059460384378.jpg/300x300bb.jpg
Easy,Commodores,Commodores,1442972066,https://is1-ssl.mzstatic.com/image/thumb/Music115/v4/ae/9c/17/ae9c1700-324c-5599-071a-dc64f6b637ff/15UMGIM15842.rgb.jpg/300x300bb.jpg
Mr. Jones,Counting Crows,August and Everything After,1442449109,https://is1-ssl.mzstatic.com/image/thumb/Music116/v4/3b/dc/90/3bdc90a2-3697-0c5e-3265-65ccaa7dcbb3/14UMGIM00847.rgb.jpg/300x300bb.jpg
Fortunate Son,Creedence Clearwater Revival,Willy and the Poor Boys,1440950503,https://is1-ssl.mzstatic.com/image/thumb/Music221/v4/29/1b/da/291bda3c-1743-c65c-41a6-f22a88936136/14CMGIM00939.rgb.jpg/300x300bb.jpg
Have You Ever Seen the Rain,Creedence Clearwater Revival,Memorial Day 2022,1612360334,https://is1-ssl.mzstatic.com/image/thumb/Music112/v4/8d/ef/8c/8def8c29-ba57-2bfe-905a-a8519913eba9/22UMGIM22713.rgb.jpg/300x300bb.jpg
Midnight Special,Creedence Clearwater Revival,Willy and the Poor Boys,1440950503,https://is1-ssl.mzstatic.com/image/thumb/Music221/v4/29/1b/da/291bda3c-1743-c65c-41a6-f22a88936136/14CMGIM00939.rgb.jpg/300x300bb.jpg
Azul,Cristian Castro,Cancionero,1140337739,https://is1-ssl.mzstatic.com/image/thumb/Music124/v4/89/54/00/895400ba-5359-5f72-3fcf-562690ce2dc9/886445974478.jpg/300x300bb.jpg
Lloviendo estrellas,Cristian Castro,Cancionero,1140337739,https://is1-ssl.mzstatic.com/image/thumb/Music124/v4/89/54/00/895400ba-5359-5f72-3fcf-562690ce2dc9/886445974478.jpg/300x300bb.jpg
No podrás,Cristian Castro,e5: Cristian - EP,1443539466,https://is1-ssl.mzstatic.com/image/thumb/Music128/v4/d3/20/42/d32042d9-6b33-e1dd-c5fc-0ce56005c828/00808835298858.rgb.jpg/300x300bb.jpg
Just Can't Get Enough,Depeche Mode,Speak & Spell,665396776,https://is1-ssl.mzstatic.com/image/thumb/Music113/v4/11/25/40/112540ba-cd42-0644-6828-95eba75121c8/0094635797657.jpg/300x300bb.jpg
Personal Jesus,Depeche Mode,DMBX4,1332106983,https://is1-ssl.mzstatic.com/image/thumb/Music114/v4/c4/63/59/c463598b-e3e2-0976-147d-d36fa9664a08/886446905587.jpg/300x300bb.jpg
Yo Solo Quiero Pegar en la Radio,Diego Mendez,Mi Nuevo Ahora,1228271344,https://is1-ssl.mzstatic.com/image/thumb/Music111/v4/2f/ce/b4/2fceb421-ba76-4826-fb53-60808e26bb23/191773067281.jpg/300x300bb.jpg
No lo soñé,Diego Torres,MTV Unplugged: Diego Torres,304780556,https://is1-ssl.mzstatic.com/image/thumb/Music/74/bd/b1/mzi.nbwxsbcv.jpg/300x300bb.jpg
Money for Nothing,Dire Straits,Rock Riffs,1544953773,https://is1-ssl.mzstatic.com/image/thumb/Music114/v4/e7/51/33/e751332b-c155-7740-98ea-2765cd5a8482/5059460063716.jpg/300x300bb.jpg
Sultans of Swing,Dire Straits,Dire Straits,307029087,https://is1-ssl.mzstatic.com/image/thumb/Music/47/c3/21/mzi.ciyzkqao.jpg/300x300bb.jpg
Your Latest Trick,Dire Straits,Love,1690426973,https://is1-ssl.mzstatic.com/image/thumb/Music116/v4/9b/5c/39/9b5c39cd-336c-07a8-519f-06b9a58dabf7/5059460205819.jpg/300x300bb.jpg
Ala delta,Divididos,Serie Oro,1513548097,https://is1-ssl.mzstatic.com/image/thumb/Music113/v4/1d/83/d5/1d83d556-d740-9919-2e61-6bf84e8a859f/20UMGIM33601.rgb.jpg/300x300bb.jpg
Spaghetti del rock,Divididos,"Narigón del Siglo, Yo Te Dejo Perfumado en la Esquina Para Siempre",321864763,https://is1-ssl.mzstatic.com/image/thumb/Music/28/b9/11/mzi.axqjeygc.jpg/300x300bb.jpg
Bad Girls,Donna Summer,Bad Girls,1425179100,https://is1-ssl.mzstatic.com/image/thumb/Music116/v4/66/a7/b0/66a7b03a-c02c-73c2-c7f2-f2afdf05a8dc/06UMGIM04498.rgb.jpg/300x300bb.jpg
Hot Stuff,Donna Summer,Bad Girls,1425179100,https://is1-ssl.mzstatic.com/image/thumb/Music116/v4/66/a7/b0/66a7b03a-c02c-73c2-c7f2-f2afdf05a8dc/06UMGIM04498.rgb.jpg/300x300bb.jpg
Ordinary World,Duran Duran,Top 100 90s,1551179865,https://is1-ssl.mzstatic.com/image/thumb/Music124/v4/4b/78/15/4b781590-db38-5e1a-445a-3f2a0f77026c/5059460068438.jpg/300x300bb.jpg
Hotel California,Eagles,Hotel California,635770200,https://is1-ssl.mzstatic.com/image/thumb/Music115/v4/88/16/2c/88162c3d-46db-8321-61f3-3a47404cfe76/075596050920.jpg/300x300bb.jpg
September,"Earth, Wind & Fire",The Eternal Dance,1456445670,https://is1-ssl.mzstatic.com/image/thumb/Music124/v4/c6/3b/0d/c63b0ddb-ba2d-49fc-f255-9c925dd4e6e1/886447605004.jpg/300x300bb.jpg
Your Song,Elton John,Elton John,1440810640,https://is1-ssl.mzstatic.com/image/thumb/Music116/v4/a9/52/e6/a952e6c5-a5e1-a56d-a6f4-b01ca42a4368/06UMGIM50695.rgb.jpg/300x300bb.jpg
Can't Help Falling in Love,Elvis Presley,Blue Hawaii,951221919,https://is1-ssl.mzstatic.com/image/thumb/Music3/v4/33/9d/ff/339dffc8-2dcb-8ff6-9331-e379474773a8/ElvisPresley_BlueHawaii_G010003271304T_F_001_1500x1500RGBJPEG.jpeg/300x300bb.jpg
Jailhouse Rock,Elvis Presley,USA Anthems,1744617809,https://is1-ssl.mzstatic.com/image/thumb/Music221/v4/18/1d/66/181d6698-e946-b498-326c-be39e68140c3/196872078329.jpg/300x300bb.jpg
Trouble,Elvis Presley,Elvis Presley Sings Leiber & Stoller,1106774797,https://is1-ssl.mzstatic.com/image/thumb/Music124/v4/e3/48/50/e3485075-fac2-15ba-b1d9-2af0e48cd228/886445813531.jpg/300x300bb.jpg
Lamento boliviano,Enanitos Verdes,Cronicas: Los Enanitos Verdes,1452786280,https://is1-ssl.mzstatic.com/image/thumb/Music124/v4/85/df/a9/85dfa916-78f6-2283-3999-9a099701ebcd/00602498489161.rgb.jpg/300x300bb.jpg
Experiencia religiosa,Enrique Iglesias,Enrique Iglesias,1521763194,https://is1-ssl.mzstatic.com/image/thumb/Music124/v4/6f/48/01/6f4801f2-3c2e-1585-0b3b-2fb7ec9cfaa9/195081844084.jpg/300x300bb.jpg
Cambalache,Enrique Santos Discépolo,"Vintage Argentine Tangos (1928 - 1954), Vol. 1",1293964217,https://is1-ssl.mzstatic.com/image/thumb/Music122/v4/01/db/f3/01dbf3b1-9aae-6bda-49a6-3f891a28a857/cover.jpg/300x300bb.jpg
A Little Respect,Erasure,The Innocents,332852548,https://is1-ssl.mzstatic.com/image/thumb/Music125/v4/bc/5a/a0/bc5aa061-1010-6d23-9ff5-bae2f97720ce/mzi.ouqqcxnp.jpg/300x300bb.jpg
Change the World,Eric Clapton,Phenomenon (Music from the Motion Picture),330089735,https://is1-ssl.mzstatic.com/image/thumb/Music/f3/fa/13/mzi.bozqzgju.jpg/300x300bb.jpg
More Than Words,Extreme,Extreme II: Pornograffitti,1445751596,https://is1-ssl.mzstatic.com/image/thumb/Music211/v4/13/51/37/13513726-9197-8dea-bf06-b134044f8d34/06UMGIM00648.rgb.jpg/300x300bb.jpg
Nada es para siempre,Fabiana Cantilo,Lo Mejor de Fabiana Cantilo,201927599,https://is1-ssl.mzstatic.com/image/thumb/Features124/v4/30/f0/66/30f066a9-76cd-30cd-e337-af72200f0821/dj.whsidmzj.jpg/300x300bb.jpg
Azúcar amargo,Fey,Tierna la Noche,383581031,https://is1-ssl.mzstatic.com/image/thumb/Music/70/11/e1/mzi.gjitqmoc.jpg/300x300bb.jpg
A rodar mi vida,Fito Paez,El Amor Después del Amor,201571360,https://is1-ssl.mzstatic.com/image/thumb/Music124/v4/ca/06/19/ca061956-688a-56fc-845e-9df14c6fcf14/mzi.gpiharyr.jpg/300x300bb.jpg
Brillante sobre el mic,Fito Páez,El Amor Después del Amor,201571360,https://is1-ssl.mzstatic.com/image/thumb/Music124/v4/ca/06/19/ca061956-688a-56fc-845e-9df14c6fcf14/mzi.gpiharyr.jpg/300x300bb.jpg
Cable a tierra,Fito Páez,Giros,723789679,https://is1-ssl.mzstatic.com/image/thumb/Music124/v4/f6/96/cd/f696cd2b-adf5-0bb0-00e9-64989409b775/13UABIM42347.rgb.jpg/300x300bb.jpg
Ciudad de pobres corazones,Fito Páez,Ciudad de Pobres Corazones,723797966,https://is1-ssl.mzstatic.com/image/thumb/Music116/v4/01/63/d7/0163d79c-2e87-5dc1-d45c-290881dfea6b/13UABIM42555.rgb.jpg/300x300bb.jpg
El amor después del amor,Fito Páez,El Amor Después del Amor,201571360,https://is1-ssl.mzstatic.com/image/thumb/Music124/v4/ca/06/19/ca061956-688a-56fc-845e-9df14c6fcf14/mzi.gpiharyr.jpg/300x300bb.jpg
Fue amor,Fito Páez,Tercer Mundo,201533334,https://is1-ssl.mzstatic.com/image/thumb/Music/14/66/00/mzi.rjbkvlxb.jpg/300x300bb.jpg
Un vestido y un amor,Fito Páez,El Amor Después del Amor,201571360,https://is1-ssl.mzstatic.com/image/thumb/Music124/v4/ca/06/19/ca061956-688a-56fc-845e-9df14c6fcf14/mzi.gpiharyr.jpg/300x300bb.jpg
Learn to Fly,Foo Fighters,There Is Nothing Left to Lose,278229648,https://is1-ssl.mzstatic.com/image/thumb/Music221/v4/ef/02/55/ef025575-aa1d-efc2-f789-04f592275b8a/888880335630.jpg/300x300bb.jpg
I Want to Know What Love Is,Foreigner,40,1220931014,https://is1-ssl.mzstatic.com/image/thumb/Music122/v4/4b/84/1a/4b841a6c-7f02-1a7d-2624-eff7690a8a7c/603497869589.jpg/300x300bb.jpg
Fly Me to the Moon,Frank Sinatra,A Man and His Music,1443165749,https://is1-ssl.mzstatic.com/image/thumb/Music118/v4/6c/8c/bd/6c8cbdd2-14c2-7e8d-f2ad-06634ce4a9ce/00602537565191.rgb.jpg/300x300bb.jpg
Relax,Frankie Goes to Hollywood,World of Dance: New Wave the 80's,1437592228,https://is1-ssl.mzstatic.com/image/thumb/Music112/v4/0b/7b/47/0b7b47ca-6cf8-3caa-ef57-1140c5a0f7a2/06UMGIM12011.rgb.jpg/300x300bb.jpg
Freed from Desire,Gala,Come Into My Life (The Album),1714234986,https://is1-ssl.mzstatic.com/image/thumb/Music116/v4/15/59/f9/1559f9a2-cfd8-99b8-60c0-5e313cedb77b/cover.jpg/300x300bb.jpg
Careless Whisper,George Michael / Wham!,Make It Big,193084944,https://is1-ssl.mzstatic.com/image/thumb/Music115/v4/ee/49/ac/ee49accc-78bd-bcdb-1aff-c40c1ac3ccc4/074643959520.jpg/300x300bb.jpg
Mi historia entre tus dedos,Gianluca Grignani,Il giorno perfetto,1443851250,https://is1-ssl.mzstatic.com/image/thumb/Music124/v4/a9/ab/10/a9ab10bd-aa38-e8a6-3551-329333dd018a/00731453893627.rgb.jpg/300x300bb.jpg
Paisaje,Gilda,Corazón Valiente,292168213,https://is1-ssl.mzstatic.com/image/thumb/Music124/v4/02/7e/39/027e390e-9cf3-c6aa-ca83-015d52035dfa/mzi.nbrevkxu.tif/300x300bb.jpg
I Will Survive,Gloria Gaynor,The Replacements (Music from the Motion Picture),1443874802,https://is1-ssl.mzstatic.com/image/thumb/Music128/v4/69/9a/ce/699acedc-209e-4fca-de0f-ad4350523638/00030206618099.rgb.jpg/300x300bb.jpg
Basket Case,Green Day,International Superhits!,1160990427,https://is1-ssl.mzstatic.com/image/thumb/Music125/v4/bd/5d/0d/bd5d0d79-a26e-7dbb-3589-976bc18e3d7e/093624915652.jpg/300x300bb.jpg
Knockin' on Heaven's Door,Guns N' Roses,Use Your Illusion II,1389971138,https://is1-ssl.mzstatic.com/image/thumb/Music122/v4/db/8e/35/db8e356d-76e8-1e10-d7cb-87870bdbfad2/18UMGIM31437.rgb.jpg/300x300bb.jpg
Paradise City,Guns N' Roses,Can't Hardly Wait (Music from the Motion Picture),323716512,https://is1-ssl.mzstatic.com/image/thumb/Music115/v4/0f/85/f8/0f85f86b-c0c0-17eb-6c29-6eec9b6b4664/mzi.wmucjydb.jpg/300x300bb.jpg
Crimen,Gustavo Cerati,Infinito,997813556,https://is1-ssl.mzstatic.com/image/thumb/Music7/v4/05/e0/f0/05e0f060-77ad-5b78-6a32-48908b105b3e/886445264944.jpg/300x300bb.jpg
Candy,Iggy Pop,Brick By Brick,723674902,https://is1-ssl.mzstatic.com/image/thumb/Music113/v4/b4/73/7b/b4737be4-f365-7766-6454-d695fed1710d/13UABIM49327.rgb.jpg/300x300bb.jpg
New Sensation,INXS,HOPE - EP,1587711997,https://is1-ssl.mzstatic.com/image/thumb/Music115/v4/3e/e1/ba/3ee1ba04-c623-bd81-e3ff-46202836aa65/603497841271.jpg/300x300bb.jpg
"La Forza del Destino, Act II, Scene 1: Holà, Holà, Holà!",James Levine & London Symphony Orchestra,Verdi: La forza del destino,296294828,https://is1-ssl.mzstatic.com/image/thumb/Features124/v4/5e/43/27/5e43275e-7c29-adb8-aca2-70d9ca6bc3d6/dj.myjfgrrh.jpg/300x300bb.jpg
Cosmic Girl,Jamiroquai,Center Stage (Music from the Motion Picture),190092860,https://is1-ssl.mzstatic.com/image/thumb/Music125/v4/6e/20/fe/6e20fe23-20d5-71f4-ead2-31328f189a05/mzi.njsnkrap.jpg/300x300bb.jpg
Cry Baby,Janis Joplin,Pearl,917030890,https://is1-ssl.mzstatic.com/image/thumb/Music115/v4/16/9d/87/169d87fe-76ee-1c50-d186-14ac71ab237e/886443610538.jpg/300x300bb.jpg
Amores como el nuestro,Jerry Rivera,"Historia, Vol. 1",192988781,https://is1-ssl.mzstatic.com/image/thumb/Music/43/94/1c/mzi.cpmaxctl.jpg/300x300bb.jpg
I Love Rock 'n' Roll,Joan Jett & the Blackhearts,I Love Rock 'N' Roll,1881685281,https://is1-ssl.mzstatic.com/image/thumb/Music211/v4/ab/11/50/ab115097-b05e-fee8-61e1-4607fb82af89/886447254332_Cover.jpg/300x300bb.jpg
You Are So Beautiful,Joe Cocker,I Can Stand a Little Rain,1443911749,https://is1-ssl.mzstatic.com/image/thumb/Music116/v4/43/48/23/4348236d-60cc-4e0c-c386-f7a957106afd/06UMGIM32737.rgb.jpg/300x300bb.jpg
You Can Leave Your Hat On,Joe Cocker,Feel Good Classic Rock,1633664830,https://is1-ssl.mzstatic.com/image/thumb/Music122/v4/4f/ee/26/4fee262d-b36f-7670-f7c9-d3b28dd36d4f/5059460144033.jpg/300x300bb.jpg
Watching the Wheels,John Lennon,Double Fantasy,1440847446,https://is1-ssl.mzstatic.com/image/thumb/Music116/v4/67/f1/4d/67f14daa-7b2d-814c-d301-8b4c928e633e/16UMGIM17510.rgb.jpg/300x300bb.jpg
Slow Dancing in a Burning Room,John Mayer,Continuum,184335550,https://is1-ssl.mzstatic.com/image/thumb/Music124/v4/7a/a0/f4/7aa0f487-f983-390e-73ef-005115eea1e0/dj.oqpplyfm.jpg/300x300bb.jpg
Oración del remanso,Jorge Fandermole,Navega,1348785216,https://is1-ssl.mzstatic.com/image/thumb/Music128/v4/8b/65/62/8b656264-d241-811f-21b8-0d24b6eee22a/artwork.jpg/300x300bb.jpg
Se me olvidó otra vez,Juan Gabriel,50 Años de Ser el Divo de Juárez,1592348871,https://is1-ssl.mzstatic.com/image/thumb/Music211/v4/1b/6c/3c/1b6c3cbb-2887-05f9-ac97-28b4ad5549bb/886449700257.jpg/300x300bb.jpg
A Dios le pido,Juanes,Un Día Normal,1440785045,https://is1-ssl.mzstatic.com/image/thumb/Music112/v4/8f/b1/5d/8fb15d20-491c-5232-e939-ca4ddbd07a9d/06UMGIM13859.rgb.jpg/300x300bb.jpg
Baby,Justin Bieber,Y si fuera POP,1704256802,https://is1-ssl.mzstatic.com/image/thumb/Music116/v4/54/b3/cc/54b3cc42-c0d2-749d-fac2-9b257d9c0472/23UMGIM90437.rgb.jpg/300x300bb.jpg
Hot n Cold,Katy Perry,One of the Boys,715891425,https://is1-ssl.mzstatic.com/image/thumb/Music221/v4/57/dc/18/57dc1854-4483-52b2-fe7c-8a221edf9e88/13UABIM48773.rgb.jpg/300x300bb.jpg
I Kissed a Girl,Katy Perry,One of the Boys,715891425,https://is1-ssl.mzstatic.com/image/thumb/Music221/v4/57/dc/18/57dc1854-4483-52b2-fe7c-8a221edf9e88/13UABIM48773.rgb.jpg/300x300bb.jpg
Somewhere Only We Know,Keane,Somewhere Only We Know - EP,1445286850,https://is1-ssl.mzstatic.com/image/thumb/Music221/v4/89/a6/f7/89a6f7be-a0e0-2524-a13b-6b5df7b7534a/06UMGIM24399.rgb.jpg/300x300bb.jpg
Footloose,Kenny Loggins,Paramount Pictures 90th Anniversary Memorable Songs,566390543,https://is1-ssl.mzstatic.com/image/thumb/Music/v4/57/23/ee/5723eef3-96d2-3599-24f2-3e25dd125f90/886443628113.jpg/300x300bb.jpg
Use Somebody,Kings of Leon,Only By the Night,290302885,https://is1-ssl.mzstatic.com/image/thumb/Features125/v4/74/25/4c/74254c8b-e03d-44e8-304d-4cde508b8cfb/dj.swemfdrr.jpg/300x300bb.jpg
I Was Made for Lovin' You,KISS,Gold,1455406808,https://is1-ssl.mzstatic.com/image/thumb/Music112/v4/e7/e0/6a/e7e06ab1-a3cf-d21f-6a00-55d910635ba5/19UMGIM16809.rgb.jpg/300x300bb.jpg
Balada del diablo y la muerte,La Renga,Despedazado Por Mil Partes,1442549689,https://is1-ssl.mzstatic.com/image/thumb/Music125/v4/30/ee/9a/30ee9a8b-1f4f-14db-5cab-df728334ced5/00602557113365.rgb.jpg/300x300bb.jpg
Shallow,Lady Gaga & Bradley Cooper,A Star Is Born Soundtrack,1434371867,https://is1-ssl.mzstatic.com/image/thumb/Music115/v4/b1/9f/ef/b19fef51-79de-a940-e8ab-9e4e07b04d96/18UMGIM53752.rgb.jpg/300x300bb.jpg
Rock and Roll,Led Zeppelin,Led Zeppelin IV,674271135,https://is1-ssl.mzstatic.com/image/thumb/Music115/v4/47/31/8e/47318e93-c0fa-35d1-8b84-809691955124/603497926121.jpg/300x300bb.jpg
Stairway to Heaven,Led Zeppelin,Led Zeppelin IV,674271135,https://is1-ssl.mzstatic.com/image/thumb/Music115/v4/47/31/8e/47318e93-c0fa-35d1-8b84-809691955124/603497926121.jpg/300x300bb.jpg
Whole Lotta Love,Led Zeppelin,Led Zeppelin II,674271135,https://is1-ssl.mzstatic.com/image/thumb/Music6/v4/3a/15/1c/3a151c92-6584-3533-a03f-a8fc38458270/603497926145.jpg/300x300bb.jpg
Again,Lenny Kravitz,I'll Be Waiting - EP,716242808,https://is1-ssl.mzstatic.com/image/thumb/Music115/v4/3d/4a/91/3d4a91bb-fb9a-a457-8806-ab26533317e3/13UABIM53549.rgb.jpg/300x300bb.jpg
Are You Gonna Go My Way,Lenny Kravitz,Rock Workout,1641577351,https://is1-ssl.mzstatic.com/image/thumb/Music122/v4/3a/cb/fd/3acbfd35-9602-a05d-e52f-e7dd6d451c8a/22UMGIM94265.rgb.jpg/300x300bb.jpg
Can't Get You Off My Mind,Lenny Kravitz,Circus,723398179,https://is1-ssl.mzstatic.com/image/thumb/Music/v4/ec/46/ba/ec46bab4-fe37-c495-a0ea-3c3d4eeb3c1d/00724384069650.jpg/300x300bb.jpg
Fly Away,Lenny Kravitz,5,723419586,https://is1-ssl.mzstatic.com/image/thumb/Music125/v4/ce/22/a0/ce22a0e4-4fb3-7e45-f283-e93d5bf64bc6/13UABIM54248.rgb.jpg/300x300bb.jpg
Lunes por la madrugada,Los Abuelos de la Nada,Oro (Grandes Éxitos),1622252090,https://is1-ssl.mzstatic.com/image/thumb/Music122/v4/ce/98/bf/ce98bfc1-3ccf-c9b6-3a69-592b795264f8/20UMGIM09217.rgb.jpg/300x300bb.jpg
Mil horas,Los Abuelos de la Nada,RockLatino.FM,1709716090,https://is1-ssl.mzstatic.com/image/thumb/Music126/v4/03/a4/12/03a4125e-9d72-3ff6-a9c0-952252b79541/23UM1IM13571.rgb.jpg/300x300bb.jpg
Si el amor se cae,Los Cafres,¿Quién Da Más?,292139351,https://is1-ssl.mzstatic.com/image/thumb/Features6/v4/4d/93/b8/4d93b89f-2881-5e71-71ec-bbd0dd3cc357/dj.sopnkzjr.jpg/300x300bb.jpg
Carnaval toda la vida,Los Fabulosos Cadillacs,El León,170115437,https://is1-ssl.mzstatic.com/image/thumb/Music/ce/dd/96/mzi.rpwyoimh.jpg/300x300bb.jpg
El satánico Dr. Cadillac,Los Fabulosos Cadillacs,Fabulosos Éxitos,515528515,https://is1-ssl.mzstatic.com/image/thumb/Music/v4/b5/da/63/b5da637f-ca14-bbfe-035b-7dd3f1862dc0/74321985462.jpg/300x300bb.jpg
Matador,Los Fabulosos Cadillacs,Lo Esencial: Los Fabulosos Cadillacs,286137303,https://is1-ssl.mzstatic.com/image/thumb/Music/83/ca/47/mzi.lcbwpxdn.jpg/300x300bb.jpg
Mi novia se cayó en un pozo ciego,Los Fabulosos Cadillacs,Los Fabulosos Cadillacs - 20 Grandes Exitos,466873273,https://is1-ssl.mzstatic.com/image/thumb/Features/52/bd/d0/dj.vvtndrmp.jpg/300x300bb.jpg
Sabor a mí,Los Panchos / Álvaro Carrillo,Tesoros De Colección,1340078023,https://is1-ssl.mzstatic.com/image/thumb/Music62/v4/2f/ad/78/2fad78d0-d8b0-2f6e-fa87-f556424da907/886972334929.jpg/300x300bb.jpg
Párate y mira,Los Pericos,Pampas Reggae,723547800,https://is1-ssl.mzstatic.com/image/thumb/Music115/v4/fd/48/ef/fd48ef4e-719c-2c09-a3e4-f6374efa019a/00724383087259.jpg/300x300bb.jpg
Runaway,Los Pericos,Pampas Reggae,723547800,https://is1-ssl.mzstatic.com/image/thumb/Music115/v4/fd/48/ef/fd48ef4e-719c-2c09-a3e4-f6374efa019a/00724383087259.jpg/300x300bb.jpg
Tan solo,Los Piojos,Chac Tu Chac,1613772865,https://is1-ssl.mzstatic.com/image/thumb/Music126/v4/b5/75/ec/b575ecc7-1e32-495f-b213-bf183843a235/7796876510554.jpg/300x300bb.jpg
Verano del '92,Los Piojos,3er Arco,1613765846,https://is1-ssl.mzstatic.com/image/thumb/Music126/v4/6b/68/58/6b6858dd-fc95-de3a-5451-91bcc9e868f9/656291132120.jpg/300x300bb.jpg
Popotitos,Los Teen Tops,La Gran Colección del 60 Aniversario CBS: Los Teen Tops,317025249,https://is1-ssl.mzstatic.com/image/thumb/Music128/v4/40/35/5a/40355a9a-4957-1cf0-7df5-b5f18cbb8f0c/888880199270.jpg/300x300bb.jpg
Seguir viviendo sin tu amor,Luis Alberto Spinetta,Pelusón of Milk,723583622,https://is1-ssl.mzstatic.com/image/thumb/Music6/v4/55/e3/69/55e3697b-4d34-72e0-2111-57facda544a4/00077779824359.jpg/300x300bb.jpg
Ahora te puedes marchar,Luis Miguel,Soy Como Quiero Ser,671129332,https://is1-ssl.mzstatic.com/image/thumb/Music124/v4/d9/58/af/d958afe4-2f9c-cf24-4070-37fc970061ce/825646432202.jpg/300x300bb.jpg
Hasta que me olvides,Luis Miguel,Aries,100986900,https://is1-ssl.mzstatic.com/image/thumb/Music/8b/1f/1d/mzi.iofcclws.jpg/300x300bb.jpg
Será que no me amas,Luis Miguel,El Concierto (Vivo),101249950,https://is1-ssl.mzstatic.com/image/thumb/Music/e0/72/24/mzi.yjdgpmgn.jpg/300x300bb.jpg
I Try,Macy Gray,On How Life Is,157506704,https://is1-ssl.mzstatic.com/image/thumb/Music115/v4/65/5f/90/655f90d4-6274-4220-1075-f6c467f1a77d/dj.jpkgbiyw.jpg/300x300bb.jpg
Like a Prayer,Madonna,Like a Prayer,83448003,https://is1-ssl.mzstatic.com/image/thumb/Music114/v4/20/3c/f5/203cf53d-689e-528f-29d7-ba33758254aa/mzi.rotbotfl.jpg/300x300bb.jpg
A veces,Mambrú,Mambru,472276621,https://is1-ssl.mzstatic.com/image/thumb/Music/6d/6a/16/mzi.gpvstaic.jpg/300x300bb.jpg
Clavado en un bar,Maná,Sueños Líquidos,306124292,https://is1-ssl.mzstatic.com/image/thumb/Music124/v4/a3/39/fd/a339fdf6-e8f6-0a88-8799-b1db02c3aee9/mzi.nvqsivqv.jpg/300x300bb.jpg
Corazón espinado,Maná,Você É Minha Religião - O Melhor do Maná,571813099,https://is1-ssl.mzstatic.com/image/thumb/Music/v4/cb/23/b1/cb23b13c-4daa-b90a-2177-1a27e4d354f3/825646537099.jpg/300x300bb.jpg
En el muelle de San Blas,Maná,Sueños Líquidos,306124292,https://is1-ssl.mzstatic.com/image/thumb/Music124/v4/a3/39/fd/a339fdf6-e8f6-0a88-8799-b1db02c3aee9/mzi.nvqsivqv.jpg/300x300bb.jpg
Oye mi amor,Maná,¿Dónde Jugarán los Niños?,358348982,https://is1-ssl.mzstatic.com/image/thumb/Features114/v4/06/c9/43/06c94353-cee9-4a85-a29a-13b19bd62c4c/dj.eyflhvkj.jpg/300x300bb.jpg
Rayando el sol,Maná,Falta Amor,42017772,https://is1-ssl.mzstatic.com/image/thumb/Music124/v4/b2/27/d8/b227d8b8-21c2-79f4-18ef-4e90f281f965/s06.gqkqqnvt.jpg/300x300bb.jpg
Vivir sin aire,Maná,¿Dónde Jugarán los Niños?,358348982,https://is1-ssl.mzstatic.com/image/thumb/Features114/v4/06/c9/43/06c94353-cee9-4a85-a29a-13b19bd62c4c/dj.eyflhvkj.jpg/300x300bb.jpg
This Love,Maroon 5,Songs About Jane: 10th Anniversary Edition,1428782176,https://is1-ssl.mzstatic.com/image/thumb/Music122/v4/eb/12/fe/eb12fe62-1e28-ebfd-0daa-f9aa66bbb882/12UMGIM15818.rgb.jpg/300x300bb.jpg
Let's Get It On,Marvin Gaye,Gold: Marvin Gaye,1442021816,https://is1-ssl.mzstatic.com/image/thumb/Music112/v4/9b/c1/cf/9bc1cf3a-84c7-474e-2d0f-2e4bd0327377/06UMGIM11763.rgb.jpg/300x300bb.jpg
U Can't Touch This,MC Hammer,Bitchin': The Sound and Fury of Rick James,1583609328,https://is1-ssl.mzstatic.com/image/thumb/Music112/v4/d0/53/68/d053686c-73f0-2b03-133d-9047c768c141/21UMGIM84347.rgb.jpg/300x300bb.jpg
La última lágrima,Memphis La Blusera,Hoy Es Hoy,1608368100,https://is1-ssl.mzstatic.com/image/thumb/Music116/v4/02/e5/b4/02e5b4b7-725a-30fe-3791-46e6565493c3/656291155525.jpg/300x300bb.jpg
Enter Sandman,Metallica,Metallica,1572046434,https://is1-ssl.mzstatic.com/image/thumb/Music125/v4/9e/80/1b/9e801b06-67fa-0990-2d15-85480ad3cd46/850007452025.png/300x300bb.jpg
Kids,MGMT,Time to Pretend - EP,1846932201,https://is1-ssl.mzstatic.com/image/thumb/Music211/v4/23/e5/8d/23e58d2f-8023-b953-42c3-c4c43727e354/884977010671.jpg/300x300bb.jpg
Billie Jean,Michael Jackson,Pop Music: The Modern Era 1976-1999,160021509,https://is1-ssl.mzstatic.com/image/thumb/Music124/v4/48/59/bd/4859bde2-c345-d637-1079-26cb78c4e7e8/074646579428.jpg/300x300bb.jpg
Black or White,Michael Jackson,Dangerous,322847038,https://is1-ssl.mzstatic.com/image/thumb/Music125/v4/cf/68/f9/cf68f9d4-e395-9ced-3e50-8cf7f1f9d3e0/884977307832.jpg/300x300bb.jpg
Man in the Mirror,Michael Jackson,"HIStory - PAST, PRESENT AND FUTURE - BOOK I",310505551,https://is1-ssl.mzstatic.com/image/thumb/Music124/v4/c5/8d/b1/c58db1f1-0249-7a52-b58c-6f4eb145b06a/884977149166.jpg/300x300bb.jpg
Rock with You,Michael Jackson,"HIStory - PAST, PRESENT AND FUTURE - BOOK I",310505551,https://is1-ssl.mzstatic.com/image/thumb/Music124/v4/c5/8d/b1/c58db1f1-0249-7a52-b58c-6f4eb145b06a/884977149166.jpg/300x300bb.jpg
Beds Are Burning,Midnight Oil,Rock: The Train Kept a Rollin',155678972,https://is1-ssl.mzstatic.com/image/thumb/Features124/v4/03/69/72/036972e3-6779-5e39-e106-f35263618e14/dj.eythitsn.jpg/300x300bb.jpg
Wrecking Ball,Miley Cyrus,Feel Good Summer Songs,1626183465,https://is1-ssl.mzstatic.com/image/thumb/Music112/v4/83/64/80/8364800f-6aac-d6f6-b96a-6459aef00938/196589132123.jpg/300x300bb.jpg
Perfecta,Miranda!,Perfecta - Single,1680978961,https://is1-ssl.mzstatic.com/image/thumb/Music116/v4/49/85/aa/4985aad4-3971-c124-d21d-f0afe417d8f0/196871038065.jpg/300x300bb.jpg
Lady (Hear Me Tonight),Modjo,Modjo,692624255,https://is1-ssl.mzstatic.com/image/thumb/Music115/v4/f5/25/2b/f5252b6e-0659-890b-7e9d-0e691944b95b/cover.jpg/300x300bb.jpg
Sing It Back,Moloko,I Am Not a Doctor,1436331799,https://is1-ssl.mzstatic.com/image/thumb/Music128/v4/3b/bf/ad/3bbfad12-6db0-89c3-28a7-666ad9cd1f67/0886443963344.jpg/300x300bb.jpg
Smells Like Teen Spirit,Nirvana,Nevermind,1440783617,https://is1-ssl.mzstatic.com/image/thumb/Music115/v4/95/fd/b9/95fdb9b2-6d2b-92a6-97f2-51c1a6d77f1a/00602527874609.rgb.jpg/300x300bb.jpg
Don't Look Back in Anger,Oasis,Stop The Clocks,1517519727,https://is1-ssl.mzstatic.com/image/thumb/Music113/v4/ef/05/66/ef05663a-b741-caad-d177-0e632706dc1a/5051961036107.jpg/300x300bb.jpg
Wonderwall,Oasis,(What's the Story) Morning Glory?,1517447039,https://is1-ssl.mzstatic.com/image/thumb/Music113/v4/04/92/e0/0492e08b-cbcc-9969-9ad6-8f5a0888068c/5051961007107.jpg/300x300bb.jpg
Rock and roll y fiebre,Pappo / Riff / Pappo's Blues,Buscando un Amor,470520755,https://is1-ssl.mzstatic.com/image/thumb/Music118/v4/96/87/0c/96870cb4-0860-1909-1479-927e2599dade/886443245846.jpg/300x300bb.jpg
Aquella solitaria vaca cubana,Patricio Rey y sus Redonditos de Ricota,Un Baión para el Ojo Idiota,1722336096,https://is1-ssl.mzstatic.com/image/thumb/Music116/v4/3a/be/39/3abe39ad-176a-bccf-f07e-830eb7990ef3/49fd04cf-a4d9-4532-bf59-ea436792875a.jpg/300x300bb.jpg
Ji Ji Ji,Patricio Rey y sus Redonditos de Ricota,Oktubre,1722345908,https://is1-ssl.mzstatic.com/image/thumb/Music116/v4/c0/52/21/c0522174-a3c2-2a4f-ae2d-fbacd13e8a94/2307f421-5360-4bfa-84b4-077f94259eab.jpg/300x300bb.jpg
Mi perro dinamita,Patricio Rey y sus Redonditos de Ricota,La Mosca y la Sopa,1722348395,https://is1-ssl.mzstatic.com/image/thumb/Music126/v4/3b/fb/c2/3bfbc203-2fba-6e67-0926-5e9a8ef93ec3/b8c91b2b-6432-4491-9ce6-ce594f403640.jpg/300x300bb.jpg
Tarea fina,Patricio Rey y sus Redonditos de Ricota,La Mosca y la Sopa,1722348395,https://is1-ssl.mzstatic.com/image/thumb/Music126/v4/3b/fb/c2/3bfbc203-2fba-6e67-0926-5e9a8ef93ec3/b8c91b2b-6432-4491-9ce6-ce594f403640.jpg/300x300bb.jpg
Todo un palo,Patricio Rey y sus Redonditos de Ricota,Un Baión para el Ojo Idiota,1722336096,https://is1-ssl.mzstatic.com/image/thumb/Music116/v4/3a/be/39/3abe39ad-176a-bccf-f07e-830eb7990ef3/49fd04cf-a4d9-4532-bf59-ea436792875a.jpg/300x300bb.jpg
Alive,Pearl Jam,Ten,425465247,https://is1-ssl.mzstatic.com/image/thumb/Music221/v4/e0/e1/7c/e0e17cf0-62e5-6312-f3df-2462960cc8f1/884977724745.jpg/300x300bb.jpg
Sledgehammer,Peter Gabriel,Hit,987420227,https://is1-ssl.mzstatic.com/image/thumb/Music2/v4/fc/01/a5/fc01a5b9-f8fd-d5f8-0ff7-a6f264cfd944/HIT-iTunes.jpg/300x300bb.jpg
Wish You Were Here,Pink Floyd,Wish You Were Here,1065973975,https://is1-ssl.mzstatic.com/image/thumb/Music211/v4/aa/e0/ab/aae0ab6a-d906-a189-81bf-70b56aa43f7a/886445635843.jpg/300x300bb.jpg
Kiss,Prince,Parade (Music from the Motion Picture Under the Cherry Moon),260336005,https://is1-ssl.mzstatic.com/image/thumb/Music115/v4/a7/04/dc/a704dce9-7671-9f42-4584-57bb7f822530/075992539562.jpg/300x300bb.jpg
Purple Rain,Prince,Purple Rain,1746833068,https://is1-ssl.mzstatic.com/image/thumb/Music211/v4/00/17/f2/0017f24f-e580-b77a-71a8-1bc7b75881bf/603497822065.jpg/300x300bb.jpg
Another One Bites the Dust,Queen,The Game,1440806692,https://is1-ssl.mzstatic.com/image/thumb/Music125/v4/65/a6/d1/65a6d100-9e4f-d9a3-84ed-cf8777729f56/14DMGIM05552.rgb.jpg/300x300bb.jpg
Bohemian Rhapsody,Queen,A Night at the Opera,1440806041,https://is1-ssl.mzstatic.com/image/thumb/Music115/v4/b1/a9/84/b1a984dc-8dce-e8cb-1a0e-20293f7c500a/14DMGIM05548.rgb.jpg/300x300bb.jpg
Crazy Little Thing Called Love,Queen,The Game,1440806692,https://is1-ssl.mzstatic.com/image/thumb/Music125/v4/65/a6/d1/65a6d100-9e4f-d9a3-84ed-cf8777729f56/14DMGIM05552.rgb.jpg/300x300bb.jpg
Friends Will Be Friends,Queen,A Kind of Magic,1440783166,https://is1-ssl.mzstatic.com/image/thumb/Music125/v4/dc/55/b1/dc55b139-0c0d-766a-62a1-3bb637e22c5a/14DMGIM05557.rgb.jpg/300x300bb.jpg
I Want to Break Free,Queen,The Works,1440763432,https://is1-ssl.mzstatic.com/image/thumb/Music126/v4/b7/fe/49/b7fe491a-974c-d792-c430-f80ac605b423/14DMGIM05556.rgb.jpg/300x300bb.jpg
Love of My Life,Queen,A Night at the Opera,1440806041,https://is1-ssl.mzstatic.com/image/thumb/Music115/v4/b1/a9/84/b1a984dc-8dce-e8cb-1a0e-20293f7c500a/14DMGIM05548.rgb.jpg/300x300bb.jpg
Radio Ga Ga,Queen,The Works,1440763432,https://is1-ssl.mzstatic.com/image/thumb/Music126/v4/b7/fe/49/b7fe491a-974c-d792-c430-f80ac605b423/14DMGIM05556.rgb.jpg/300x300bb.jpg
Somebody to Love,Queen,A Day at the Races,1440805740,https://is1-ssl.mzstatic.com/image/thumb/Music114/v4/66/6c/d8/666cd8db-890e-7e03-8b68-8976fbf6ba1e/14DMGIM05549.rgb.jpg/300x300bb.jpg
High and Dry,Radiohead,The Bends,1097862703,https://is1-ssl.mzstatic.com/image/thumb/Music126/v4/1b/a9/5c/1ba95cac-b245-d386-63fb-6b857aa9dce8/634904078065.png/300x300bb.jpg
Mentirosa,Ráfaga,Ráfaga: 20 Grandes Éxitos,292205980,https://is1-ssl.mzstatic.com/image/thumb/Music114/v4/f0/71/f3/f071f385-e374-f166-8ddc-6e4680754c81/mzi.llnbwxwx.tif/300x300bb.jpg
Mujer amante,Rata Blanca,"Col 2x1: Magos, Espadas y Rosas / Guerrero del Arco Iris",1536959471,https://is1-ssl.mzstatic.com/image/thumb/Music114/v4/d2/85/80/d2858079-b3f0-af09-ecd6-749bdf58a3df/20UMGIM79033.rgb.jpg/300x300bb.jpg
Rock del gato,Ratones Paranoicos,Furtivos,430563389,https://is1-ssl.mzstatic.com/image/thumb/Music/9a/88/04/mzi.bvjponms.jpg/300x300bb.jpg
My Friends,Red Hot Chili Peppers,Mellow Grunge,1695889374,https://is1-ssl.mzstatic.com/image/thumb/Music116/v4/0f/d2/c8/0fd2c8ed-b684-8009-2b14-d17d45f7abf3/5059460206434.jpg/300x300bb.jpg
Under the Bridge,Red Hot Chili Peppers,Blood Sugar Sex Magik,945581828,https://is1-ssl.mzstatic.com/image/thumb/Music125/v4/2b/2b/56/2b2b564c-e21e-bd40-a8cf-cb47dedcb7df/093624932147.jpg/300x300bb.jpg
Tan enamorados,Ricardo Montaner,Las #1 de Ricardo Montaner,140645330,https://is1-ssl.mzstatic.com/image/thumb/Music/83/00/23/mzi.xeqssjrv.jpg/300x300bb.jpg
Dime Que Me Quieres (Bring a Little Lovin),Ricky Martin,Ricky Martin,170539856,https://is1-ssl.mzstatic.com/image/thumb/Music124/v4/35/c6/cb/35c6cb2d-b9bd-8ccb-5902-42ee8ddb4649/mzi.hhpwkhep.jpg/300x300bb.jpg
"Fuego de noche, nieve de día",Ricky Martin,A Medio Vivir,187287914,https://is1-ssl.mzstatic.com/image/thumb/Music125/v4/34/35/90/343590c6-d4a5-5909-be92-53049f70df4e/dj.dmlawlml.jpg/300x300bb.jpg
Angels,Robbie Williams,Life Thru a Lens,727505795,https://is1-ssl.mzstatic.com/image/thumb/Music124/v4/70/87/d6/7087d62d-f751-c9c3-5c5c-d3fe7caa307b/13UABIM56247.rgb.jpg/300x300bb.jpg
Rock DJ,Robbie Williams,Sing When You're Winning,724201264,https://is1-ssl.mzstatic.com/image/thumb/Music6/v4/5b/23/1e/5b231e58-c418-2c41-be92-110cb5590c44/00724352812554.jpg/300x300bb.jpg
Killing Me Softly with His Song,Roberta Flack,Killing Me Softly,355038498,https://is1-ssl.mzstatic.com/image/thumb/Music/e4/71/97/mzi.mgwzviyu.jpg/300x300bb.jpg
Forever Young,Rod Stewart,Out of Order,295535256,https://is1-ssl.mzstatic.com/image/thumb/Music/ab/02/59/mzi.ewlgwgvo.jpg/300x300bb.jpg
La mano de Dios,Rodrigo,Éxitos de la Movida Tropical,989307088,https://is1-ssl.mzstatic.com/image/thumb/Music7/v4/98/4a/b8/984ab86c-69e5-7b50-5798-a7f38af9d380/889176969416.jpg/300x300bb.jpg
Te quiero,Rodrigo,"Sunny Guitar Music (Sunny Guitar Music for Studying, Relaxing and Easy Listening Pleassure)",1706833897,https://is1-ssl.mzstatic.com/image/thumb/Music126/v4/c1/7e/05/c17e05b6-c6dd-c540-c9aa-60083e43fefa/contsched.yzulpydv.jpg/300x300bb.jpg
Spending My Time,Roxette,Joyride,1792435069,https://is1-ssl.mzstatic.com/image/thumb/Music221/v4/f6/fe/2b/f6fe2b62-3138-b1d1-0784-b7e114d6270a/5021732590480.jpg/300x300bb.jpg
The Look,Roxette,The Look - Single,855317367,https://is1-ssl.mzstatic.com/image/thumb/Music124/v4/c3/72/1e/c3721e37-e1da-11f8-5c93-62d01f8b398b/825646285655.jpg/300x300bb.jpg
Heloísa,Rubén Rada,Corazón Diamante,1756788076,https://is1-ssl.mzstatic.com/image/thumb/Music221/v4/66/6b/aa/666baa44-1628-a811-b9ee-ae56d9c3a687/8447053173749.jpg/300x300bb.jpg
Smooth Operator,Sade,Diamond Life,1524651063,https://is1-ssl.mzstatic.com/image/thumb/Music115/v4/4d/d5/a1/4dd5a1b7-7134-f0ec-b55c-54ac47cc88a5/886448655886.jpg/300x300bb.jpg
Te amo,Sandro,Yo Ando Con Mi Rey,304525852,https://is1-ssl.mzstatic.com/image/thumb/Music/26/61/af/mzi.hpzmmngk.jpg/300x300bb.jpg
Oye como va,Santana,Ultimate Santana,265816081,https://is1-ssl.mzstatic.com/image/thumb/Music112/v4/5d/cc/48/5dcc4850-35e3-239a-3fde-dbade47cddfe/886970629324.jpg/300x300bb.jpg
Still Loving You,Scorpions,Love at First Sting,1425261347,https://is1-ssl.mzstatic.com/image/thumb/Music115/v4/19/6a/ff/196aff71-fbb8-22f3-ac2c-c12eaf9fb3b1/00602567826019.rgb.jpg/300x300bb.jpg
Peperina,Serú Girán,Peperina,1420666042,https://is1-ssl.mzstatic.com/image/thumb/Music128/v4/87/5a/25/875a25d5-e4db-b5f5-8e85-980ea861b78b/00602567965176.rgb.jpg/300x300bb.jpg
Seminare,Serú Girán,Baladas y Canciones de Amor,430315547,https://is1-ssl.mzstatic.com/image/thumb/Music/1f/1b/c0/mzi.awhugafy.jpg/300x300bb.jpg
"Ciega, sordomuda",Shakira,Dónde Están Los Ladrones,192682818,https://is1-ssl.mzstatic.com/image/thumb/Music115/v4/e5/6d/96/e56d9688-0239-7c8f-f907-7614c0f9860b/mzi.uffuznlo.jpg/300x300bb.jpg
Estoy aquí,Shakira,Pies Descalzos,193662156,https://is1-ssl.mzstatic.com/image/thumb/Features114/v4/94/18/5e/94185e72-fc57-d3ad-51f6-485b8e188c21/dj.abqorqzf.jpg/300x300bb.jpg
Inevitable,Shakira,Dónde Están Los Ladrones,192682818,https://is1-ssl.mzstatic.com/image/thumb/Music115/v4/e5/6d/96/e56d9688-0239-7c8f-f907-7614c0f9860b/mzi.uffuznlo.jpg/300x300bb.jpg
Si te vas,Shakira,Dónde Están Los Ladrones,192682818,https://is1-ssl.mzstatic.com/image/thumb/Music115/v4/e5/6d/96/e56d9688-0239-7c8f-f907-7614c0f9860b/mzi.uffuznlo.jpg/300x300bb.jpg
All I Wanna Do,Sheryl Crow,Tuesday Night Music Club,1440918803,https://is1-ssl.mzstatic.com/image/thumb/Music112/v4/0e/a4/82/0ea482f2-b27c-33b2-dbf1-5102008ef04e/06UMGIM00639.rgb.jpg/300x300bb.jpg
We Are Family,Sister Sledge,We Are Family,1691509912,https://is1-ssl.mzstatic.com/image/thumb/Music126/v4/1e/92/af/1e92af63-0cff-5105-bd66-c6dbd32a1e69/603497898855.jpg/300x300bb.jpg
De música ligera,Soda Stereo,Canción Animal,321882757,https://is1-ssl.mzstatic.com/image/thumb/Music125/v4/60/18/68/601868f7-68ba-9416-af42-b26b2f68035f/mzi.qyqtvoxs.jpg/300x300bb.jpg
Disco eterno,Soda Stereo,Sueño Stereo,309452426,https://is1-ssl.mzstatic.com/image/thumb/Music/60/df/5e/mzi.lahuyiyg.jpg/300x300bb.jpg
Juegos de seducción,Soda Stereo,Nada Personal,321883378,https://is1-ssl.mzstatic.com/image/thumb/Music124/v4/5d/a1/b5/5da1b53d-7b9b-72f4-09ce-3c350c446322/mzi.fagqtmbs.jpg/300x300bb.jpg
Persiana americana,Soda Stereo,Lo Esencial: Soda Stereo,251525166,https://is1-ssl.mzstatic.com/image/thumb/Music/78/74/e4/mzi.fuwethvc.jpg/300x300bb.jpg
Black Hole Sun,Soundgarden,A-Sides,1443210826,https://is1-ssl.mzstatic.com/image/thumb/Music118/v4/05/ef/a8/05efa822-cbea-a1a1-a153-3483b92a00ca/00731454083324.rgb.jpg/300x300bb.jpg
Wannabe,Spice Girls,Wannabe 25 - EP,1573849246,https://is1-ssl.mzstatic.com/image/thumb/Music115/v4/e1/92/8f/e1928fcb-0204-ca19-597a-6edaf8e6ebc8/21UMGIM16233.rgb.jpg/300x300bb.jpg
My Cherie Amour,Stevie Wonder,My Cherie Amour,1442985614,https://is1-ssl.mzstatic.com/image/thumb/Music211/v4/6e/06/1d/6e061d4b-1dad-c332-ca28-680be5e1ef39/14UMGIM51156.rgb.jpg/300x300bb.jpg
Superstition,Stevie Wonder,Talking Book,1440808973,https://is1-ssl.mzstatic.com/image/thumb/Music114/v4/62/61/61/626161c0-f4d7-e6ff-8586-768340ef278f/00602537002382.rgb.jpg/300x300bb.jpg
Englishman in New York,Sting,25 Years,1486682685,https://is1-ssl.mzstatic.com/image/thumb/Music116/v4/8b/d0/f0/8bd0f05b-8be6-0ac7-a215-58b0cb3eb29f/13UAEIM06091.rgb.jpg/300x300bb.jpg
Plush,Stone Temple Pilots,Thank You,3631635,https://is1-ssl.mzstatic.com/image/thumb/Features115/v4/f9/5d/c3/f95dc3b6-fa4d-ad2c-fe34-c6e53d748cef/dj.crzhohrj.jpg/300x300bb.jpg
Canción para mi muerte,Sui Generis,Vida,321615255,https://is1-ssl.mzstatic.com/image/thumb/Music114/v4/af/60/f0/af60f0c4-9ef7-aaf8-a8f8-e8f3d2bb9dc9/888880431387.jpg/300x300bb.jpg
Necesito,Sui Generis,Vida,321615255,https://is1-ssl.mzstatic.com/image/thumb/Music114/v4/af/60/f0/af60f0c4-9ef7-aaf8-a8f8-e8f3d2bb9dc9/888880431387.jpg/300x300bb.jpg
Rasguña las piedras,Sui Generis,Confesiones de Invierno,321729832,https://is1-ssl.mzstatic.com/image/thumb/Music/e4/5c/75/mzi.wpsyknon.jpg/300x300bb.jpg
La rubia tarada,Sumo,Corpiños en la Madrugada,1766651070,https://is1-ssl.mzstatic.com/image/thumb/Music211/v4/e4/c9/31/e4c9317d-1d0f-11c4-ce10-48c18e7da01a/195079945786.png/300x300bb.jpg
Eye of the Tiger,Survivor,The Rocky Story,267725673,https://is1-ssl.mzstatic.com/image/thumb/Music124/v4/aa/7e/3b/aa7e3b7d-f870-a749-e964-796490fe2801/mzi.bpuirnfg.jpg/300x300bb.jpg
Psycho Killer,Talking Heads,Popular Favorites 1976-1992: Sand In the Vaseline,272121498,https://is1-ssl.mzstatic.com/image/thumb/Music125/v4/62/6a/59/626a59ee-fa34-f928-c6e0-689f1aa15541/dj.hjbiyazr.jpg/300x300bb.jpg
A Hard Day's Night,The Beatles,A Hard Day's Night,1441164416,https://is1-ssl.mzstatic.com/image/thumb/Music124/v4/db/a2/7a/dba27a46-3685-508d-d32e-a0e73cc82251/00602567713296.rgb.jpg/300x300bb.jpg
All You Need Is Love,The Beatles,1,1440833098,https://is1-ssl.mzstatic.com/image/thumb/Music116/v4/f2/98/fb/f298fb48-1e0e-6ad4-4cff-fb824b77f02e/15UMGIM59587.rgb.jpg/300x300bb.jpg
Can't Buy Me Love,The Beatles,A Hard Day's Night,1441164416,https://is1-ssl.mzstatic.com/image/thumb/Music124/v4/db/a2/7a/dba27a46-3685-508d-d32e-a0e73cc82251/00602567713296.rgb.jpg/300x300bb.jpg
Come Together,The Beatles,The Beatles 1967-1970 (The Blue Album),1441133100,https://is1-ssl.mzstatic.com/image/thumb/Music126/v4/a6/8b/65/a68b657c-cac6-68e6-3bde-b79d58fbc795/18UMGIM30762.rgb.jpg/300x300bb.jpg
Don't Let Me Down,The Beatles,The Beatles 1967-1970 (The Blue Album),1441133100,https://is1-ssl.mzstatic.com/image/thumb/Music126/v4/a6/8b/65/a68b657c-cac6-68e6-3bde-b79d58fbc795/18UMGIM30762.rgb.jpg/300x300bb.jpg
Eleanor Rigby,The Beatles,Revolver,1441164670,https://is1-ssl.mzstatic.com/image/thumb/Music125/v4/58/4a/10/584a1058-de0a-6a6b-d0bd-da09a028b8bc/00602567705499.rgb.jpg/300x300bb.jpg
Get Back,The Beatles,Let It Be,1441164495,https://is1-ssl.mzstatic.com/image/thumb/Music124/v4/ae/98/4c/ae984c7a-cd06-a7cd-e8bf-32cb15ba698d/00602567705475.rgb.jpg/300x300bb.jpg
Help!,The Beatles,Help!,1441164524,https://is1-ssl.mzstatic.com/image/thumb/Music122/v4/1a/19/db/1a19db26-17ad-b986-11a9-f72ac7a6194b/18UMGIM31214.rgb.jpg/300x300bb.jpg
Here Comes the Sun,The Beatles,The Beatles 1967-1970 (The Blue Album),1441133100,https://is1-ssl.mzstatic.com/image/thumb/Music126/v4/a6/8b/65/a68b657c-cac6-68e6-3bde-b79d58fbc795/18UMGIM30762.rgb.jpg/300x300bb.jpg
Hey Jude,The Beatles,The Beatles 1967-1970 (The Blue Album),1441133100,https://is1-ssl.mzstatic.com/image/thumb/Music126/v4/a6/8b/65/a68b657c-cac6-68e6-3bde-b79d58fbc795/18UMGIM30762.rgb.jpg/300x300bb.jpg
I Saw Her Standing There,The Beatles,Please Please Me,1441164816,https://is1-ssl.mzstatic.com/image/thumb/Music125/v4/9c/ff/b5/9cffb5a6-a37f-c84a-7240-0333a071bc92/00602567725275.rgb.jpg/300x300bb.jpg
Let It Be,The Beatles,Let It Be,1441164495,https://is1-ssl.mzstatic.com/image/thumb/Music124/v4/ae/98/4c/ae984c7a-cd06-a7cd-e8bf-32cb15ba698d/00602567705475.rgb.jpg/300x300bb.jpg
Oh! Darling,The Beatles,Abbey Road,1441164426,https://is1-ssl.mzstatic.com/image/thumb/Music112/v4/df/db/61/dfdb615d-47f8-06e9-9533-b96daccc029f/18UMGIM31076.rgb.jpg/300x300bb.jpg
Something,The Beatles,The Beatles 1967-1970 (The Blue Album),1441133100,https://is1-ssl.mzstatic.com/image/thumb/Music126/v4/a6/8b/65/a68b657c-cac6-68e6-3bde-b79d58fbc795/18UMGIM30762.rgb.jpg/300x300bb.jpg
Twist and Shout,The Beatles,Please Please Me,1441164816,https://is1-ssl.mzstatic.com/image/thumb/Music125/v4/9c/ff/b5/9cffb5a6-a37f-c84a-7240-0333a071bc92/00602567725275.rgb.jpg/300x300bb.jpg
Should I Stay or Should I Go,The Clash,Combat Rock,685585931,https://is1-ssl.mzstatic.com/image/thumb/Music115/v4/71/b6/8a/71b68ab0-f2d7-5cf0-636c-c27de6ce8aed/886443520707.jpg/300x300bb.jpg
Linger,The Cranberries,The Treasure Box for Boys and Girls,1440952089,https://is1-ssl.mzstatic.com/image/thumb/Music211/v4/d7/83/51/d7835106-ae7c-17ba-075f-54ef5b63a033/06UMGIM08683.rgb.jpg/300x300bb.jpg
Zombie,The Cranberries,The Cranberries: Gold,1452857905,https://is1-ssl.mzstatic.com/image/thumb/Music126/v4/9e/21/75/9e21750f-b22b-360d-ff8b-59c248bb51e6/08UMGIM01746.rgb.jpg/300x300bb.jpg
Roadhouse Blues,The Doors,Morrison Hotel,1622467535,https://is1-ssl.mzstatic.com/image/thumb/Music122/v4/ea/1f/65/ea1f6524-49ef-0d1f-6948-fd7d7d6b0256/603497838721.jpg/300x300bb.jpg
All These Things That I've Done,The Killers,Hot Fuss,1526194184,https://is1-ssl.mzstatic.com/image/thumb/Music116/v4/07/1a/5a/071a5aee-6e42-060c-35b9-6a6e45b9ea59/06UMGIM10441.rgb.jpg/300x300bb.jpg
Mr. Brightside,The Killers,The Best 00s Music Videos,1744006969,https://is1-ssl.mzstatic.com/image/thumb/Music221/v4/bb/eb/78/bbeb7856-e31a-6f80-40ae-42170f4822db/24UMGIM50330.rgb.jpg/300x300bb.jpg
All the Love in the World,The Outfield,Play Deep,1670681195,https://is1-ssl.mzstatic.com/image/thumb/Music126/v4/15/db/9a/15db9a4c-ae95-3723-2bad-1bafe362974a/196589896162.jpg/300x300bb.jpg
Your Love,The Outfield,Play Deep,1670681195,https://is1-ssl.mzstatic.com/image/thumb/Music126/v4/15/db/9a/15db9a4c-ae95-3723-2bad-1bafe362974a/196589896162.jpg/300x300bb.jpg
Every Breath You Take,The Police,Every Breath You Take: The Classics,1440868517,https://is1-ssl.mzstatic.com/image/thumb/Music125/v4/69/00/4e/69004e79-b039-ecd5-4acd-4072c51a87ca/16UMGIM62372.rgb.jpg/300x300bb.jpg
Every Little Thing She Does Is Magic,The Police,Classic Rock Radio,1388005220,https://is1-ssl.mzstatic.com/image/thumb/Music124/v4/1d/e6/39/1de639fe-b1c5-ba82-7776-243424e1429a/17UM1IM29779.rgb.jpg/300x300bb.jpg
Message in a Bottle,The Police,Every Breath You Take: The Classics,1440868517,https://is1-ssl.mzstatic.com/image/thumb/Music125/v4/69/00/4e/69004e79-b039-ecd5-4acd-4072c51a87ca/16UMGIM62372.rgb.jpg/300x300bb.jpg
Walking on the Moon,The Police,Every Breath You Take: The Classics,1440868517,https://is1-ssl.mzstatic.com/image/thumb/Music125/v4/69/00/4e/69004e79-b039-ecd5-4acd-4072c51a87ca/16UMGIM62372.rgb.jpg/300x300bb.jpg
Miss You,The Rolling Stones,Too Tough,1454026580,https://is1-ssl.mzstatic.com/image/thumb/Music124/v4/eb/4d/90/eb4d90cd-9cb3-7e45-effa-7510ef302839/00602527688510.rgb.jpg/300x300bb.jpg
Start Me Up,The Rolling Stones,Tattoo You,1440812141,https://is1-ssl.mzstatic.com/image/thumb/Music112/v4/0d/4b/63/0d4b63c2-9d4f-41ab-5e78-a1c6a8eab53f/08UMGIM15741.rgb.jpg/300x300bb.jpg
Sympathy for the Devil,The Rolling Stones,The Rolling Stones 1963-1971,1469558372,https://is1-ssl.mzstatic.com/image/thumb/Music112/v4/b5/6b/6b/b56b6b27-317a-62c5-9869-68e6292ba380/13ABKIM00073.rgb.jpg/300x300bb.jpg
Wild Horses,The Rolling Stones,Hot Rocks 1964-1971,1440764786,https://is1-ssl.mzstatic.com/image/thumb/Music112/v4/29/b7/81/29b781e5-3773-c87e-c6a8-82581e53d270/13ABKIM00053.rgb.jpg/300x300bb.jpg
You Can't Always Get What You Want,The Rolling Stones,Hot Rocks 1964-1971,1440764786,https://is1-ssl.mzstatic.com/image/thumb/Music112/v4/29/b7/81/29b781e5-3773-c87e-c6a8-82581e53d270/13ABKIM00053.rgb.jpg/300x300bb.jpg
Last Nite,The Strokes,Is This It,266376953,https://is1-ssl.mzstatic.com/image/thumb/Features115/v4/ea/04/d4/ea04d45d-6f5d-ede6-fb64-71f3e6a6e62f/dj.ojkzzidd.jpg/300x300bb.jpg
My Generation,The Who,"Meaty, Beaty, Big and Bouncy",1440743116,https://is1-ssl.mzstatic.com/image/thumb/Music116/v4/09/55/e3/0955e368-7355-e803-4317-845612e09351/12UMGIM50945.rgb.jpg/300x300bb.jpg
Proud Mary,Tina Turner,Workin' Together,1443174391,https://is1-ssl.mzstatic.com/image/thumb/Music124/v4/21/8d/ce/218dceaf-602f-c3e5-2dda-be846284e60b/15UMGIM71413.rgb.jpg/300x300bb.jpg
Hold the Line,Toto,Toto,198226130,https://is1-ssl.mzstatic.com/image/thumb/Music125/v4/a1/a9/ea/a1a9eaef-2d81-c2c6-9a03-82c3cbc9e598/074643531726.jpg/300x300bb.jpg
Pride (In the Name of Love),U2,The Unforgettable Fire,1443184272,https://is1-ssl.mzstatic.com/image/thumb/Music211/v4/40/45/51/40455196-536d-d9a2-c8a7-4129ce944a67/17UMGIM94892.rgb.jpg/300x300bb.jpg
Me gustas mucho,Viejas Locas,Tira la casa por la ventana,1705329602,https://is1-ssl.mzstatic.com/image/thumb/Music126/v4/ae/52/79/ae527960-dbba-6ecb-12f2-4942887c19c8/23UMGIM95110.rgb.jpg/300x300bb.jpg
Y.M.C.A.,Village People,Cruisin',1443926621,https://is1-ssl.mzstatic.com/image/thumb/Music118/v4/a7/70/df/a770dff5-0b2c-b260-0c10-eea7997d36eb/00731453217126.rgb.jpg/300x300bb.jpg
Auto rojo,Vilma Palma e Vampiros,Grandes Éxitos,4681187,https://is1-ssl.mzstatic.com/image/thumb/Music115/v4/71/51/ed/7151edb7-7942-7558-4e50-22d3ac0c9e3a/803680269329.jpg/300x300bb.jpg
La pachanga,Vilma Palma e Vampiros,Grandes Éxitos,4681187,https://is1-ssl.mzstatic.com/image/thumb/Music115/v4/71/51/ed/7151edb7-7942-7558-4e50-22d3ac0c9e3a/803680269329.jpg/300x300bb.jpg
I Have Nothing,Whitney Houston,21 Love Songs,965878691,https://is1-ssl.mzstatic.com/image/thumb/Music118/v4/ac/f9/67/acf96755-6548-014b-cedf-250091a8bed4/886445093063.jpg/300x300bb.jpg
I Will Always Love You,Whitney Houston,Throwback Thursday R&B Jams,1460075226,https://is1-ssl.mzstatic.com/image/thumb/Music124/v4/1d/13/13/1d1313ee-877f-e693-3965-076866e036f6/886447688717.jpg/300x300bb.jpg
Play That Funky Music,Wild Cherry,Wild Cherry,198226103,https://is1-ssl.mzstatic.com/image/thumb/Music125/v4/af/f6/0c/aff60ca6-7385-e47d-7681-e5f73910665c/mzi.fjlfxpyy.jpg/300x300bb.jpg
